,0,1,2,3,4,5,6,7,8,9,10,11,12,13,14,15,16,17,18,19,20,21,22,23,24,25,26,27,28,29,30,31,32,33,34,35,36,37,38,39,40,41,42,43,44,45,46,47,48,49,50,51,52,53,54,55,56,57,58,59,60,61,62,63,64,65,66,67,68,69,70,71,72,73,74,75,76,77,78,79,80,81,82,83,84,85,86,87,88,89,90,91,92,93,94,95,96,97,98,99,100,101,102,103
0,150.0,149.57011235061748,149.14322099315237,145.11954231872747,141.35549457968975,124.25777861511382,115.37527261215631,108.30176861054564,102.57058110573571,96.56721283945103,91.78725984890121,87.87956392295362,84.6258402581302,79.76228988259662,76.08664689802654,73.21031367939513,69.3787438134616,66.53810269125803,64.31322512229036,62.5477960438284,60.5235720612125,58.98389502119989,57.75937186331073,56.765965867109415,55.507041901802275,54.560320309955614,53.821501989619925,53.23421495120269,52.590382467260156,52.10425369548514,51.72666900004856,51.42815065016483,51.120364901931914,50.879063331249455,50.6728304394208,50.469334209953125,50.23442840286886,49.75990100359753,49.033764680656326,47.968142654674644,46.51388025612612,44.66708415476754,42.066155298336405,39.077862385912844,35.82655005132299,32.44185998896816,29.043375769142262,25.335586460248223,21.842657374702707,18.63536488062499,15.752342577957966,13.206470861965,10.865672650939707,8.875513006196542,7.204053947331439,5.814941343665267,4.670731818168963,3.7058479135791957,2.9282031591900846,2.305387771220569,1.8092833844998069,1.4159190453348827,1.0959903348712023,0.8463579484615816,0.6522706171633682,0.5017854561562091,0.3853621626170567,0.2954989301498637,0.2107415162665361,0.15007195776446575,0.11427075337778181,0.08690625848654539,0.06604032447279161,0.05016235716155024,0.03807860481317898,0.02887798390667448,0.020985657665016342,0.015240481936767433,0.011063564481028562,0.008025921613027728,0.005818587055970037,0.004277649838172434,0.0031444071329736947,0.002310001069104931,0.0016959920881999067,0.0012451491303040708,0.0008965580491724181,0.0006456409743534803,0.00046461402609379793,0.0003342323731931726,0.0002405775298222955,0.00017319342484500968,0.00011643241495567162,7.825217709371656e-05,5.265041445945251e-05,3.544233691376851e-05,2.3809291086048022e-05,1.5973038734958516e-05,8.930521732571802e-06,5.1445231776870896e-06,2.9823392937372625e-06,1.6542566217530151e-06,8.963746453806381e-07,5.940199715224696e-07
1,150.0,149.99896031847487,149.99673313531466,149.8816072594939,149.67281635969482,147.52359730728824,145.17938774454026,142.55457959766878,139.85359938527162,136.3710045103892,133.09879081999253,130.0839939142976,127.32461974868112,122.79400651454799,118.96770293703811,115.72758047704906,111.0407394914112,107.41460617782141,104.50457988763269,102.1148709704204,99.2694651435463,97.04535673454754,95.25800278484462,93.79428233779159,91.90852323496307,90.46955242798823,89.33823228407466,88.43387847513118,87.43441857333829,86.67436015967347,86.08130722610001,85.610537461728,85.12220114637478,84.73447728622675,84.39602532990678,84.05275104101,83.64681570243607,82.81572441157972,81.54476511570003,79.69414995556518,77.19086803036606,74.03676896444502,69.62573244270739,64.58867643948685,59.135609212605345,53.482120394232666,47.824745760774704,41.67073140066306,35.88838217286606,30.590408965953632,25.836735529086294,21.645351375178944,17.796687523320774,14.528368921541073,11.786192886574836,9.509161516495174,7.6349188676618756,6.055424760570085,4.7831743266693625,3.7647355039232617,2.9538322062247464,2.3110944027075218,1.7885272458648283,1.3809094716816406,1.0640678121274407,0.8184545843891952,0.6284748375602388,0.4818667751727274,0.34361420030789425,0.24466384583681247,0.18627962141134374,0.14166171270870345,0.10764378766421148,0.08175766408534943,0.062058155429138964,0.047061840271065025,0.03419931817234326,0.024835464268824412,0.01802742210686978,0.013077205822899852,0.00948071594722733,0.006969841687364875,0.005123080756193358,0.0037634530816171674,0.002763135737006767,0.002028632608889163,0.0014606280281522963,0.0010517919631785465,0.000756906826809561,0.0005445243837630198,0.0003919248998814101,0.00028212725940300083,0.00018966619211674293,0.0001274870481898167,8.577562843255449e-05,5.7730433556875505e-05,3.878157756088868e-05,2.6023260126826852e-05,1.4558569772428e-05,8.382312628411422e-06,4.854049720121908e-06,2.694471961821275e-06,1.4625238252667384e-06,9.674629659650486e-07
2,150.0,149.99999748553446,149.99998920960755,149.99725995156598,149.98950026771018,149.79483894301933,149.48270866167545,149.00377442920376,148.3726964124818,147.35546658198695,146.18697482030436,144.93121702626735,143.63624210305505,141.23716833440272,138.91458441476263,136.73033749102717,133.19582691871415,130.20683571154953,127.67958530293052,125.51483840016219,122.80730295107035,120.60233507078723,118.78413204593731,117.26605139563901,115.26231972675563,113.70166319012012,112.45775015535521,111.45212399062726,110.32644260940508,109.46091340125763,108.78023888306743,108.23585296685472,107.66484689447536,107.20100779916295,106.78060201211143,106.33431945758697,105.78712931246686,104.64678553803179,102.90793726212924,100.40787751151052,97.07261562626095,92.9214715008669,87.17966558004186,80.68619779257315,73.7121637644698,66.52914836891777,59.38009446876835,51.640510246286006,44.398897295659836,37.78724878563685,31.872374549168914,26.670054499209776,21.903449910815578,17.86337916047961,14.479266623094038,11.673088050933744,9.36602318881722,7.423819198865469,5.860903005444381,4.610806195686596,3.61613087534481,2.8282045504336333,2.1879596141619806,1.688807746710235,1.3009744185560674,1.000429801490978,0.7680416454054053,0.5887685261285407,0.41976363205451755,0.29882670346194207,0.22748344739031903,0.17297734070841977,0.1314281638189122,0.09981123498269352,0.07575259225992086,0.057443588606224394,0.04174226174748537,0.030310593450127293,0.02199884894263199,0.015957034031624955,0.011568637603504113,0.008504571888089207,0.006250582484202008,0.004591426604246328,0.0033710779759495964,0.0024749931424444603,0.0017818746020758075,0.001283018307302095,0.0009233414396776438,0.0006643004495378996,0.00047809827635611756,0.00034411789537787196,0.0002313426615097107,0.00015552939879310906,0.00010464015234592484,7.040736708170513e-05,4.7296850292045374e-05,3.1747707554788644e-05,1.777786288009953e-05,1.0228037960130132e-05,5.912954401936533e-06,3.285880906769868e-06,1.7882719521391112e-06,1.179740443932562e-06
3,150.0,149.99999999391878,149.99999996691525,149.9999370318463,149.999690253197,149.9838109492459,149.95121383158352,149.8877294667218,149.78473632618636,149.58195921280935,149.29942527549622,148.94212159709423,148.5205146916686,147.61637851213092,146.59947405001824,145.52325461756803,143.54456708553462,141.65394188322304,139.91895738211974,138.34710331208646,136.26530611637853,134.48318938635714,132.95614423088904,131.64196860321994,129.85063296912935,128.41748753649048,127.25306004201583,126.29597734425126,125.20562192656966,124.35458697809666,123.67773090844312,123.13008142998683,122.54519849614677,122.05243075881434,121.57975523665752,121.04619797069199,120.36373592950815,118.91738005313421,116.72714420097178,113.63095357513805,109.57311902661998,104.6013104501807,97.82140225320336,90.25002619237016,82.20274023524041,73.98580704345011,65.86637811087654,57.13214393547162,49.005929550040335,41.621765313925515,35.042089333422894,29.274467149132686,24.005467968057822,19.55126988810954,15.828633901402869,12.747595530159161,10.21866029973353,8.092758159074613,6.384252724358413,5.019233933019861,3.9341402364133424,3.075304956174473,2.3779909977719593,1.834731305256932,1.4128640086462252,1.0860996183678118,0.8335594375709218,0.6388311206370849,0.45533188455718765,0.324060466162458,0.2466426480035563,0.18751728353695468,0.14245778440286908,0.10817074511055087,0.0820840697085742,0.06223964184426321,0.04522488530623494,0.03283549126833429,0.023827360217899878,0.017281862762594514,0.012529160154436841,0.009210283223311317,0.006768435751113036,0.0049714129324453125,0.0036501097559681677,0.0026798651413195446,0.001929180858499633,0.001388947563120212,0.0009996202520230616,0.0007192306515768523,0.0005175817702829629,0.0003724818892990145,0.0002504135520286033,0.00016838791957091015,0.00011328729806031494,7.61997030447522e-05,5.118666855356957e-05,3.437246451791411e-05,1.927007102959941e-05,1.1076563332089666e-05,6.3901308693999775e-06,3.5555798888607403e-06,1.941509070626366e-06,1.2766541184330492e-06
4,150.0,149.9999999999853,149.9999999999031,149.99999855436843,149.9999913118726,149.99874388509897,149.99572261955583,149.98865603333934,149.97503136874317,149.9431338109427,149.890340857287,149.81246885110676,149.7073018783087,149.44093643107695,149.09064921836796,148.67040480719902,147.7844128885209,146.8098566445757,145.8175721172474,144.84990738722522,143.47834158948083,142.23145689278175,141.11152444584962,140.1102289322453,138.6895516866295,137.5127586024249,136.5326039827638,135.71006155562338,134.7521224798635,133.9899146350533,133.37430980339926,132.8676947976394,132.31116860324525,131.81564850317835,131.30208657922643,130.6794226904513,129.8496958840786,128.0715439491188,125.41134329085624,121.7271430983269,116.99696588012799,111.3054335682558,103.67137107121987,95.27159148749996,86.45357068483727,77.54220955675348,68.81239885220911,59.49378645928879,50.88336117350961,43.10447045651809,36.20690030708636,30.185622055232198,24.70497678026945,20.086926028259395,16.238089376676562,13.060120630348049,10.456922943319924,8.272577100117337,6.519973326618908,5.121679659294806,4.011455557073272,3.133658845153677,2.4216572380592485,1.86744543017043,1.4373789725489443,1.1044667795467744,0.847332777125096,0.6491763902352028,0.46254260310451134,0.3290803406232969,0.25040044001115247,0.19033719560631665,0.14457576634202296,0.1097573945232323,0.08327230289345851,0.06313396620293477,0.04587077258160092,0.03329913803941609,0.024159022458041673,0.017520644926337706,0.012702140199148945,0.009336819662601496,0.006860445055822321,0.00503852567842919,0.003699403329358421,0.0027160358750704856,0.001954992542928113,0.0014073788633907434,0.0010129300545500587,0.0007288558099920419,0.0005244512092740773,0.0003773658017441185,0.000253699164880947,0.00017063634217499548,0.00011479520476738965,7.718600071477346e-05,5.184736912228702e-05,3.483072105864988e-05,1.955157850814513e-05,1.1228178140999544e-05,6.462769213008906e-06,3.6004922453731136e-06,1.9733063503727307e-06,1.2931435618277624e-06
5,150.0,149.99999999999997,149.99999999999974,149.9999999668153,149.99999976434339,149.9999031071611,149.99964112945003,149.99893475095655,149.99736404991125,149.99308544799877,149.98484209741187,149.9708543692221,149.9493955452218,149.88437203932727,149.78425053478418,149.64767148334676,149.3155071213026,148.89145295733303,148.40612904362996,147.88887594056732,147.09439408898422,146.31744315678537,145.58005388183284,144.89133042484517,143.8674760867367,142.98234978655907,142.2218142556299,141.56752980674665,140.78559314263654,140.14857036922393,139.6232474312124,139.17999721724732,138.67129032692233,138.18066606594053,137.6212364340667,136.89242346388878,135.88913097051466,133.73356618811744,130.5649761940283,126.27787427198079,120.89561236528354,114.54550187927806,106.18076200580728,97.1264597452285,87.7512338669868,78.38578961799216,69.30026935947758,59.68683444259961,50.87381678094447,42.96486662998088,35.99148526225337,29.933291279408053,24.44258393629556,19.833674048557004,16.004973614247575,12.85241080505367,10.276244141555628,8.119253097710345,6.391943019359428,5.01610871848354,3.9252684862521336,3.0638936268613093,2.366039246291063,1.8234074761219772,1.4026858602838774,1.0772505539363357,0.8260762777397748,0.6326424603284857,0.4505671457825224,0.32042957489771096,0.24374658627406154,0.1852355937276406,0.140670538688746,0.10676759104249071,0.08098677122006862,0.06139324570857537,0.0446004564886061,0.032370585411099585,0.0234802408920652,0.01702647546779416,0.012343473926617039,0.009072338638360475,0.006665069125555282,0.004894554722558842,0.0035936704861977385,0.0026383439724920197,0.0018988310933843778,0.001366799564178666,0.000983758720128339,0.0007079015434048668,0.000509315767075642,0.00036641851777436004,0.0002463406568750283,0.0001657216465520535,0.00011148389942024392,7.493350178877321e-05,5.03319111170637e-05,3.3825882890305775e-05,1.9010957546860433e-05,1.090898088029512e-05,6.264739797742449e-06,3.493818334942577e-06,1.9219800596139034e-06,1.2555242590828308e-06
6,150.0,150.0,150.0,149.99999999923827,149.99999999375905,149.99999254103807,149.9999706783468,149.9999048700727,149.99974062047787,149.99922865495952,149.99809971311734,149.995925785486,149.99217412189302,149.97846294619808,149.9537812161547,149.91550087285526,149.80768560582624,149.64768757426637,149.44063880259165,149.19701134836436,148.78671876439446,148.349475836995,147.90702395901326,147.47285851490182,146.79291475104455,146.17508449159226,145.62392154550804,145.13569788858888,144.5346772850262,144.03084444609988,143.60332431846672,143.22867212980375,142.76866917637807,142.2744945826751,141.64956137446453,140.78423313111597,139.56948388348113,136.97740512613436,133.25197571790176,128.33776132516894,122.31143831891772,115.34575131946796,106.34286518798676,96.7653706151027,86.99288794394742,77.35113201641475,68.09587222595894,58.39635981654077,49.581190268568236,41.7283169696476,34.847590273647434,28.901966678314096,23.539106806724764,19.056781824173942,15.346884792407545,12.301743693436785,9.820194005785373,7.747549895293871,6.0914299112255375,4.774784173726959,3.732579635041285,2.910819335098482,2.2459623346516535,1.729603949550776,1.3296482375287928,1.0205480828514117,0.7821834860391967,0.5987525884356126,0.4262126328425381,0.3029669892547945,0.2303870125924383,0.17503423857711234,0.13288860488857998,0.10083406752811937,0.07646852565837854,0.05795914420096439,0.04209850369728939,0.030547578550765515,0.022152889144976314,0.01606202060104216,0.011643561436204595,0.00855688384323392,0.006285363596259634,0.004615253341624737,0.0033885192262475042,0.002487616197133871,0.0017901199932766052,0.001288414224743072,0.0009273584954671289,0.0006673342355217993,0.00048007567720594524,0.000345334020909157,0.00023216521945060103,0.0001562115307512175,0.00010508159522995444,7.060875256108383e-05,4.742418162088885e-05,3.188215095266247e-05,1.7938364917202545e-05,1.0287254037445365e-05,5.895422179431375e-06,3.2901990318713426e-06,1.8162083659410621e-06,1.1833266609606238e-06
7,150.0,150.0,150.0,149.99999999998252,149.99999999983766,149.9999994261899,149.99999763810914,149.9999917862024,149.9999758215313,149.99991960566436,149.9997796647797,149.99947749942817,149.99889653384764,149.99632072315254,149.99091620000775,149.9814059448432,149.9503063969406,149.89677113300058,149.8183419978816,149.71593057553267,149.52505144113738,149.3010625253476,149.05718979174992,148.8040616098499,148.38418215688526,147.98056721719797,147.60455464230864,147.26003097127847,146.82120561362686,146.43998251682444,146.10295859627914,145.78963086158004,145.36446393771655,144.84433879549377,144.12110387547693,143.07727928595503,141.60398959866524,138.50789641181356,134.17411295163816,128.60810738230512,121.94442321208184,114.40108572588491,104.83938810709978,94.84752429704392,84.80599443172024,75.0262024404537,65.74208786164257,56.110701894022185,47.43788599421334,39.77235658032867,33.10082873159802,27.369485984684093,22.226872963443917,17.94868245212875,14.421908957948194,11.537080779367926,9.193326939670662,7.241118451739196,5.685010039145432,4.450456887666818,3.4750250377600937,2.707183510794699,2.0868875671441955,1.6057733178866425,1.2335325062882956,0.9461413775347827,0.7247272775849611,0.5544802282092384,0.394465900634831,0.2802529752774924,0.213037060379954,0.1618008683101578,0.1228035416843877,0.09315394274192926,0.07062723100801792,0.05352189191102519,0.03886696789227472,0.028195282431058975,0.02044235633773033,0.01481986152601939,0.010742061262947376,0.007893218088097943,0.005796930334800479,0.0042561765145446295,0.003124741932512907,0.002293813981809951,0.0016504471370374196,0.001187773208042468,0.0008549188024991028,0.0006152046231444999,0.0004425287156979364,0.00031828771993780625,0.00021397961394309075,0.0001439918388119504,9.68574301829593e-05,6.506680594488433e-05,4.369887533589279e-05,2.938476856991698e-05,1.654825118040421e-05,9.486539360303617e-06,5.427122334897191e-06,3.029818404863732e-06,1.6773566036384196e-06,1.0908084052617792e-06
8,150.0,150.0,150.0,149.9999999999996,149.99999999999585,149.9999999558675,149.9999998106175,149.99999930516316,149.999997839393,149.99999206690143,149.9999760257028,149.99993758196015,149.99985595172103,149.99941464035024,149.99833928790997,149.9961993251766,149.98805958693103,149.9718693451547,149.94506003386192,149.9061561580669,149.825372656362,149.72026804066843,149.59618432931558,149.45897063576976,149.21645013086655,148.96821044292898,148.72540250720357,148.49418760176496,148.18758726341466,147.90820750334188,147.6451383216074,147.3770110279804,146.96096742525964,146.3802023944043,145.5140384921606,144.23984558240593,142.45414142198263,138.78274403260295,133.79146179491192,127.55455277411927,120.26568526203977,112.18531347837668,102.14126586412739,91.83305856410848,81.63202693977095,71.82721669210432,62.625018011943304,53.17849610967878,44.753414184750206,37.367729001897324,30.985048111185755,25.535597290911614,20.673030540419248,16.64788417912544,13.343876474814275,10.651312648814244,8.470966954684872,6.660226360982188,5.220652074032289,4.081139160227215,3.1826099259925686,2.476584934666459,1.9071619934554231,1.4661399466774363,1.1253411137093097,0.8625209757961173,0.6602450617636251,0.5048504074695828,0.3589214684234714,0.254853650913337,0.19365306813335992,0.1470252868483812,0.11154956213779228,0.08459000844656282,0.06411811543900764,0.048578686723753976,0.035267753718391255,0.02557696560015448,0.018539831412039725,0.013438688795356245,0.009739617315728841,0.007155423703299107,0.005254241288330999,0.003857334639771753,0.0028317297976661908,0.002078534975215158,0.0014953665873734124,0.001076073154886794,0.0007745010967501421,0.0005573181075383286,0.00040085315001454387,0.00028828535852149433,0.00019380479036052201,0.00013042320816025337,8.772687211131465e-05,5.892276197939462e-05,3.956948688278655e-05,2.6611880831114295e-05,1.499679203179637e-05,8.596010090052014e-06,4.911259795725435e-06,2.7416564737452263e-06,1.5211877731367039e-06,9.88186451493539e-07
9,150.0,150.0,150.0,150.0,149.99999999999991,149.999999996606,149.999999984762,149.99999994174686,149.99999981314969,149.99999925138655,149.99999752485792,149.99999297204084,149.99998237780648,149.9999121708238,149.99971426669757,149.999270609516,149.99730496604394,149.99280833922958,149.98441841073713,149.9709016467109,149.9394966217958,149.89402639839324,149.83549541947446,149.7660980271905,149.6345546385861,149.49021788063746,149.34116139695314,149.1927862787186,148.98578552070174,148.78333903664586,148.57243323740582,148.326978418014,147.88427641389455,147.19700434505125,146.13273559060644,144.56833269451292,142.41213141936936,138.0948352399267,132.40383599236011,125.48679508704232,117.59465061964453,109.02497087274078,98.5777600524222,88.04683694224434,77.78464654983836,68.05108708249533,59.02074366101071,49.849302642611676,41.749327680105296,34.70814602556699,28.66744961909257,23.542989393924163,18.996836535377206,15.25309085948065,12.193822066788394,9.710504821491853,7.706631941583199,6.0476499627560925,4.732374657246657,3.6937710246606854,2.8765853266334345,2.23572528941664,1.7197624514045626,1.3207607062346398,1.0128499031113192,0.7756841185090698,0.5933522605002481,0.45341018487449236,0.3221166182065145,0.22857940282820421,0.1736143640633465,0.13175785640943793,0.09992653576627289,0.07575045736919797,0.057402681796077916,0.04347978496979387,0.03155600434044085,0.022878192081073237,0.01657992149992377,0.012016120648465588,0.008707126238208076,0.0063956960268233614,0.004695643757676926,0.0034468817374925416,0.0025301758405421684,0.0018569915152087506,0.0013358260639004425,0.0009611891761837299,0.0006917796413182934,0.0004977647835571361,0.0003579903623393465,0.00025744024970476056,0.0001730621588569468,0.00011646480270394005,7.833505669355912e-05,5.260873111233975e-05,3.532651153349009e-05,2.3759670653699547e-05,1.33953116286294e-05,7.678641930417293e-06,4.383439187087916e-06,2.4460737260213456e-06,1.3591262398652592e-06,8.826239529260609e-07
10,150.0,150.0,150.0,150.0,150.0,149.999999999739,149.99999999876147,149.99999999511027,149.9999999842315,149.99999993190033,149.99999975543471,149.99999924722445,149.99999795998718,149.99998744203617,149.99995328112408,149.99986737099766,149.99942345902681,149.9982611733054,149.9958271233908,149.99148398689923,149.98016344302064,149.96190026690135,149.93618240496264,149.90333044248217,149.8361120435151,149.75650942833317,149.66910395521927,149.57727424930343,149.43952184330794,149.28844915209885,149.1048565580534,148.85431359466418,148.3397933653036,147.489643471616,146.1629329205488,144.24277503516154,141.65663384419872,136.62800774230132,130.20595034402234,122.61260065123034,114.1513817805904,105.1494544916049,94.38354281090317,83.72216803762113,73.48987399745376,63.91192802150722,55.128137418966666,46.302392781195664,38.58421827971784,31.931773615521994,26.26687107407512,21.49271457782975,17.28243273433623,13.833708766760004,11.028561889528138,8.760853492615595,6.937646490664567,5.433149508960897,4.243797425064172,3.307024790977663,2.571655352207739,1.9961420472799596,1.5336410443579858,1.1765660437922119,0.901411634316688,0.6897542985777876,0.5272193204056239,0.40259484177616933,0.2857924623596347,0.20267109546375348,0.15386555189930454,0.11671781420648923,0.08848213835846598,0.06705134177017635,0.05079634425942798,0.038464649809941895,0.027906263603990362,0.02022580483791386,0.014654508126387715,0.010618784210548259,0.007693017156993517,0.0056496830262200435,0.004147300827345707,0.0030440197228015753,0.002234201607845507,0.0016395673237379817,0.0011792916574499648,0.0008484884942484994,0.0006106247905760582,0.0004393366047123646,0.0003159463790060283,0.00022719195418723336,0.00015272038394863047,0.00010277166890662228,6.912241280767328e-05,4.6418802911393664e-05,3.116761133275876e-05,2.096214600329591e-05,1.1820726215936355e-05,6.777605660743892e-06,3.8675096945480265e-06,2.156871570947329e-06,1.1992130997777402e-06,7.790041801146028e-07
11,150.0,150.0,150.0,150.0,150.0,149.99999999997993,149.9999999998978,149.99999999958553,149.99999999869104,149.99999999398756,149.99999997671037,149.9999999227239,149.99999977476594,149.99999827418378,149.9999926818176,149.99997697231504,149.99988218517132,149.99959949000956,149.9989378203814,149.997634377711,149.99381723575797,149.9869578399193,149.97637555373058,149.96176546172603,149.9292849572532,149.88744190550494,149.83799924501818,149.78201907401953,149.68737110646993,149.56273068944992,149.37906504939855,149.0904381499587,148.44939237739823,147.37000909430247,145.7090678181762,143.36461594206955,140.29085720520862,134.4950553110902,127.32489943600262,119.07439875040419,110.09194883974898,100.72486946737415,89.73054946890778,79.03055228974043,68.91363424658246,59.56629278567493,51.09174801942322,42.66704143263816,35.37152481925504,29.136683247309186,23.86704509648183,19.4554624402379,15.588259015466988,12.43764048562084,9.887091924866043,7.833901331140163,6.189371428391859,4.836856315363023,3.770838219620855,2.9334419090093466,2.277664168306186,1.7655365682640045,1.3547586197765007,1.0381610925907059,0.7945755167223407,0.6074598946132354,0.46394072332976,0.3540114066079204,0.25109633207041093,0.1779447273360964,0.13502713289524068,0.10237748142936848,0.07757577169425205,0.05876525956717278,0.04450557644714688,0.033690109706089974,0.024432858348020614,0.017702751042555562,0.012823580600734004,0.009290188042948557,0.006728934806864613,0.004940660767239475,0.0036262751491479474,0.002661269324220321,0.001953019691655456,0.001433035740163476,0.0010306285706916795,0.0007414669991683506,0.0005335592516427689,0.00038385414056865913,0.0002760281034661987,0.00019847740412434127,0.00013341018581829368,8.977103893905694e-05,6.037611105999813e-05,4.0544218196263e-05,2.722123454605423e-05,1.83066790996664e-05,1.0323768143467092e-05,5.921237377293524e-06,3.3787317429402808e-06,1.8829358449869912e-06,1.0468537475436038e-06,6.805251613456656e-07
12,150.0,150.0,150.0,150.0,150.0,149.99999999999847,149.9999999999914,149.99999999996427,149.99999999989228,149.9999999994816,149.9999999978499,149.9999999923507,149.99999997612977,149.99999977040153,149.99999889435185,149.999996157423,149.99997684840673,149.9999115547005,149.99974148568097,149.9993729226534,149.99815929615693,149.99573304287057,149.99163098329822,149.98549650238428,149.9705492350792,149.94928958029013,149.92146938589804,149.88582628936715,149.81209208409894,149.68907417378168,149.47457266693596,149.10870855053344,148.27622528464764,146.89200068380327,144.81984448942018,141.98275954152683,138.36881422003634,131.76383540188607,123.84571979684922,114.97405564833747,105.53220916891644,95.87669119551721,84.74932734870212,74.10174553558788,64.18048876914224,55.13049072469983,47.01766481035114,39.03676931537478,32.19217536585985,26.391927619912778,21.526186359778336,17.479781541504366,13.953973444282745,11.097051448435678,8.795347592903166,6.950437443584918,5.478381526431565,4.271827772070111,3.323754040237108,2.581054715024329,2.0008801209176466,1.5487875810249971,1.1868748555362243,0.9084391371129552,0.6945625888491641,0.5305020764545415,0.4048188748132392,0.3086569394289248,0.21873786663932235,0.15490322267052747,0.11748098300065732,0.08902731348668941,0.06742802429386348,0.051059095268230915,0.038656679610721,0.029252136832955255,0.02120568705258758,0.015359599399693785,0.011123648647144914,0.00805682341935728,0.0058341482214519045,0.0042827801430124265,0.0031429260648345283,0.002306232430250603,0.0016922246861821447,0.0012415074184292847,0.0008927860439612671,0.0006422433200129557,0.00046211255908787705,0.0003324211130289497,0.00023902716145459918,0.00017186371245160313,0.00011551344293074268,7.772185252659818e-05,5.227017783007697e-05,3.5100624649264964e-05,2.3564949294069954e-05,1.5846162734855275e-05,8.935515660049539e-06,5.126883391407343e-06,2.9261882496988302e-06,1.629540673894004e-06,9.05422289518205e-07,5.891494967951725e-07
13,150.0,150.0,150.0,150.0,150.0,149.9999999999999,149.9999999999993,149.99999999999687,149.9999999999911,149.99999999995606,149.99999999980653,149.9999999992661,149.9999999975586,149.9999999702533,149.99999983797946,149.9999993803626,149.99999559991807,149.99998116969755,149.99993951980173,149.99984058225053,149.9994740211903,149.99865963059347,149.99714918933356,149.99469176510982,149.98798342196258,149.97698219047552,149.95984923431746,149.93279795949124,149.86002805867832,149.71216519491438,149.43085166650022,148.94096361449408,147.84127365758076,146.0686852241841,143.50611310200821,140.11190473068925,135.9137619674171,128.47538342284398,119.8288845597622,110.38958447285475,100.5636352621281,90.7047427646925,79.5431658155029,69.03714262645194,59.38625008379501,50.69237529242544,42.984455528036875,35.47930563469918,29.10353932249764,23.745462259723595,19.283912944273332,15.59806779898613,12.405532052675241,9.832627839328248,7.769736149468667,6.123406477791489,4.814846419804018,3.745968198244159,2.908679554307918,2.2546123813653662,1.7449691650685504,1.348721023214335,1.032149237403402,0.7890489840227928,0.6026286093200584,0.45983602731004297,0.3505811883005348,0.2670855797147715,0.18910873506880252,0.13382231605037248,0.10143595075012019,0.07682581290866813,0.058158716457416444,0.04402308722823456,0.03331788834004059,0.02520256897567608,0.018262379450182806,0.013223432179429664,0.009574223803334128,0.006932855547072914,0.005018948363275182,0.0036835747775484477,0.0027027585543996395,0.001982948951170985,0.0014547885478666458,0.0010671625092180481,0.0007673258344745309,0.0005519391752233306,0.0003970944969935601,0.000285621348268926,0.00020536188499477268,0.0001476503896045287,9.923183078687892e-05,6.676090055272815e-05,4.489655620007257e-05,3.0149011815145784e-05,2.0239550920159882e-05,1.3608461236514352e-05,7.672582308933642e-06,4.403863389128923e-06,2.5145845353061727e-06,1.3993701428371388e-06,7.76759782164655e-07,5.059419206980445e-07
14,150.0,150.0,150.0,150.0,150.0,150.0,149.99999999999997,149.99999999999972,149.99999999999926,149.9999999999963,149.99999999998298,149.99999999993145,149.99999999975793,149.9999999962279,149.9999999768634,149.9999999029913,149.99999918717424,149.99999611549183,149.99998632855923,149.9999609223183,149.99985467133246,149.9995911930241,149.99904909755583,149.99806802681618,149.99482173269013,149.98794820105573,149.97384442539874,149.94551486044423,149.85334808733708,149.64980381824256,149.2580484536739,148.58812882201872,147.13451779452092,144.88442504154327,141.75378975015965,137.74580734885797,132.93142133133313,124.6566221280556,115.32228340944874,105.38629770657931,95.26365786491462,85.29289564783232,74.19728482356858,63.918574443993634,54.60637472630582,46.31930276846392,39.05067554417539,32.04354506289325,26.145759348716517,21.229807304677895,17.166243058661724,13.830926653952142,10.958915427471284,8.656716232566104,6.819753874055842,5.360074373475325,4.20430986641302,3.263468011273687,2.5287823839851677,1.9565039127261266,1.51172949262982,1.1666918609211838,0.8915956988909249,0.6807490763783333,0.5193395022626408,0.3958845549866199,0.30154497782903145,0.22953555559526714,0.16237390402476656,0.11481607571308713,0.08697781658643694,0.06583755547407162,0.04981596791764557,0.037693040181014374,0.02851621160438356,0.021561855474700256,0.01561760276988779,0.011304657647874127,0.008182767957833358,0.005923701298335773,0.0042872478913492775,0.0031458827693549374,0.002307836790604064,0.0016929328195120948,0.0012418221269201116,0.0009108117417102637,0.000654826396777604,0.00047096971701592527,0.00033880434631312255,0.000243669913595999,0.00017518601433824587,0.00012594735240188616,8.463928558146727e-05,5.6938305215846306e-05,3.8288952774450085e-05,2.5711657353077463e-05,1.7259821406010943e-05,1.1603692598024145e-05,6.54121234533931e-06,3.7557470612076267e-06,2.1455732009198316e-06,1.1933041923180067e-06,6.615856237024363e-07,4.313226504354635e-07
15,150.0,150.0,150.0,150.0,150.0,150.0,150.0,149.99999999999997,149.99999999999991,149.99999999999972,149.99999999999852,149.99999999999372,149.99999999997667,149.9999999995298,149.999999996767,149.9999999851913,149.99999985317012,149.9999992171737,149.9999969790017,149.9999906045609,149.9999596360354,149.9998700042463,149.99965100468236,149.9991680666703,149.99686460476332,149.9900558191684,149.97253736808116,149.93278031341495,149.79713157516102,149.49939456727813,148.9433055396748,148.02692574722136,146.1227707696932,143.30391584084842,139.53362267860683,134.86719876379766,129.41968056187918,120.32936472837012,110.36936510294571,100.02407151022582,89.70220316042841,79.71515252783792,68.78465673780231,58.81397286579898,49.90146665671763,42.06346626907814,35.26001366086355,28.7644084145497,23.34623418160249,18.866100443512238,15.18920993320031,12.190355679807386,9.622863431704065,7.575637259967226,5.94992323835968,4.6636381428571045,3.649015892695503,2.8258781403658038,2.185127152952996,1.6874500655204085,1.3016431978797687,1.0030213041947509,0.7654244876791624,0.5836741735079172,0.44477906916166854,0.33869916983149645,0.25774177472929904,0.1960250616641586,0.13854071870020235,0.09788647382105563,0.07410701881524333,0.05606193854615874,0.04239822937068838,0.03206713946036034,0.02425014461134575,0.01832869962809427,0.013270131304854058,0.00960217924186365,0.006948433496036412,0.0050287345573196505,0.0036385539982724175,0.002669305012232362,0.001957854090451973,0.0014359559561334231,0.0010531526735743063,0.0007723222277856489,0.0005551889605062647,0.00039926319519488696,0.0002871895795387789,0.0002065279307296446,0.00014847110028133403,0.00010673393146404971,7.172175635846216e-05,4.8244518574337125e-05,3.2440960951427793e-05,2.1784172802984375e-05,1.4622658267466552e-05,9.829774703529328e-06,5.54046939820022e-06,3.182096899699195e-06,1.818721674801154e-06,1.0110097121398288e-06,5.598324408541418e-07,3.652586041730201e-07
16,150.0,150.0,150.0,150.0,150.0,150.0,150.0,150.0,150.0,150.0,149.99999999999986,149.9999999999994,149.9999999999978,149.99999999994193,149.99999999955276,149.99999999775866,149.99999997284186,149.99999983326313,149.99999926365766,149.99999736381906,149.99998458265677,149.99993378829762,149.99976678317316,149.99928998711215,149.99622602497567,149.985774570656,149.95756666352113,149.89352821876255,149.68274033407434,149.24105756594628,148.45421388027404,147.21424579857,144.75565563704032,141.27943862461635,136.80896743429946,131.45546829413962,125.3758770104029,115.51670430840542,105.01453234097102,94.3618399110878,83.94557806571666,74.03925884904827,63.36954780710694,53.78091396135977,45.32082684439679,37.965454763411344,31.64482553811592,25.666251519139752,20.722805095106125,16.66701185492594,13.361489215559091,10.682073978659439,8.400884694513536,6.591391097564575,5.161226308077868,4.034420741908258,3.148894415124911,2.4329090280069425,1.8773189502991063,1.4470195585303511,1.1142881673057388,0.8573231979954727,0.6532974904059836,0.49753479821431296,0.3787044186642826,0.28808051746676394,0.21901026566536794,0.16642404802607294,0.11751073291678352,0.08296050591615046,0.06276687004282809,0.0474547278894604,0.035870816837388665,0.02711853557843414,0.020499169121073593,0.015487292347521928,0.011208165609743333,0.008107271790710103,0.005864858832410094,0.004243312792075481,0.0030694503883750123,0.00225129898855898,0.0016509337575808158,0.0012106355842317915,0.0008877572069242256,0.0006509368920448535,0.0004678667543850021,0.0003364254909030273,0.000241964928422992,0.00017398874912319422,0.00012506826921082712,8.990306344656056e-05,6.0407014387453766e-05,4.06306084107789e-05,2.731967183129825e-05,1.8344520411841254e-05,1.2313151468722134e-05,8.276590890062745e-06,4.6646744522513524e-06,2.6797944014533664e-06,1.5322167113019563e-06,8.513745492325895e-07,4.709117383782664e-07,3.074086303184014e-07
17,150.0,150.0,150.0,150.0,150.0,150.0,150.0,150.0,150.0,150.0,150.0,149.99999999999997,149.99999999999977,149.99999999999136,149.9999999999191,149.9999999995163,149.99999999024604,149.9999999173744,149.99999952079884,149.99999782136624,149.99998140785044,149.99990155105752,149.99960755759722,149.998719430315,149.99297047455016,149.97392356287358,149.92466909831998,149.81797154757552,149.488530161275,148.83850762220814,147.74063290506302,146.09041320141282,142.97077708473972,138.75715987868716,133.54228432387183,127.49279511979317,120.80233421501627,110.24746829749095,99.30649329856347,88.46008308631032,78.05850950567833,68.32863794291235,58.009528256383405,48.86874361327167,40.9047066937823,34.05663224424199,28.228579502130714,22.765276083068816,18.286040065214184,14.638859086851475,11.686322889985574,9.307235260760852,7.29273675232985,5.70291623905632,4.452165677575082,3.470756678194843,2.702291375125712,2.0830222559903633,1.6039802415792774,1.2340120256751588,0.9486434798169668,0.7287457939856852,0.5545174295203289,0.4217651756781479,0.3206611862904087,0.24366751864342265,0.1850651009996076,0.140507454562221,0.09911816545044679,0.06991764425768186,0.05286443116459037,0.03994404070447587,0.030178167380768818,0.022804638914097605,0.017230776864109558,0.013012683228883859,0.009413284075112986,0.006806447329196754,0.004922232351499359,0.0035602784011297592,0.0025746963849464454,0.0018879878518708343,0.0013842208977531106,0.0010148690042452858,0.0007440835606093846,0.0005455108377949429,0.00039203448873560963,0.00028186189496495594,0.0002027005565131527,0.00014574170835891315,0.00010475391476417504,7.529399573158723e-05,5.058672202857648e-05,3.4023273132012636e-05,2.2875754838400004e-05,1.535968853209935e-05,1.030907034249734e-05,6.929068503507545e-06,3.905230204260734e-06,2.2440391011869905e-06,1.2833771229951922e-06,7.128187641627325e-07,3.9391761445741886e-07,2.5723397758847477e-07
18,150.0,150.0,150.0,150.0,150.0,150.0,150.0,150.0,150.0,150.0,150.0,150.0,149.99999999999986,149.99999999999014,149.9999999998827,149.9999999991719,149.9999999778474,149.99999979531435,149.99999876535708,149.99999430743708,149.99995260663832,149.9997581913547,149.99907517892723,149.99710918610134,149.98548802795992,149.94976736220437,149.86326808630312,149.68667824323254,149.17871927826545,148.23869309797004,146.73593777914314,144.58230326446758,140.69878819593526,135.6829595717444,129.7007591201513,122.96912544088858,115.71054320838208,104.55913933392051,93.30003358449467,82.38185234666129,72.10491013919385,62.64320260458849,52.75646983622281,44.11977987730671,36.68572655912436,30.360749498169906,25.02757770338473,20.071260191330722,16.040894738078407,12.783162129713466,10.16294248422557,8.06369560960033,6.2955201702157515,4.907020640241632,3.819550176274157,2.969647142091089,2.306507445845078,1.7738664417212102,1.3631023532625464,1.0467401217241796,0.8033139062042886,0.6161491782114171,0.46816674517199364,0.3556318468705157,0.2700679543521954,0.20500255591480726,0.15554725464383803,0.11799421377821942,0.083158027418182,0.058609840968802715,0.04428575457265774,0.03344204705689468,0.025252782547772735,0.019073879476299186,0.014405596630952405,0.010874714659797993,0.007863329672716603,0.005683538740495495,0.0041087948513437115,0.002971055444340237,0.002148028935560532,0.001574749118368792,0.001154313223827614,0.0008461506940897007,0.0006202844297626396,0.00045468339384858303,0.0003267117560829705,0.00023486590218433801,0.00016888630148290544,0.00012141852503917076,8.726296679099582e-05,6.271612921495784e-05,4.2132510735546116e-05,2.8335759532310448e-05,1.9050799658003706e-05,1.2790563447234771e-05,8.584126787593399e-06,5.769412302518648e-06,3.2519529860879736e-06,1.8690892610606272e-06,1.0690265217138688e-06,5.935130691467207e-07,3.277768838614528e-07,2.1408172263224987e-07
19,150.0,150.0,150.0,150.0,150.0,150.0,150.0,150.0,150.0,150.0,149.99999999999997,149.99999999999983,149.99999999999935,149.99999999994938,149.99999999943543,149.99999999622784,149.99999991372297,149.99999926391413,149.99999584248457,149.99998193272617,149.99986586832475,149.99936823458756,149.99774070588845,149.99334892276545,149.96994754384238,149.90376374701813,149.75443727041318,149.46803597802938,148.7011528903794,147.37113552829763,145.35861860647202,142.60704051052167,137.8687464860207,132.00799900029466,125.26123145061244,117.8861864431803,110.12417872988301,98.49947139997127,87.05653474061432,76.19273593012744,66.14778312006706,57.03943068054834,47.65689520508478,39.569941490535044,32.68978015676454,26.8950702000462,22.052201148634772,17.58882944068977,13.987946095229649,11.097807547737014,8.787635078558536,6.946958817953347,5.40449112360082,4.199072575213836,3.259076969440007,2.5272432412544275,1.9581934799366418,1.5025964798810552,1.1523026907467133,0.8832354446845012,0.6766931454100921,0.5182339963851875,0.39320835118252123,0.2983123610044909,0.2262771978863675,0.1715784478198676,0.13006035851644604,0.0985753847335795,0.06940631813938307,0.04887584197969524,0.036906837208258714,0.02785338918301534,0.021021627829233464,0.015870534487999795,0.011981077520358934,0.009040850173339604,0.006534473618302152,0.004721184782027146,0.0034119144275130573,0.0024664360359634924,0.0017827358017398578,0.0013066344885541083,0.0009575688251888773,0.0007017991652835047,0.0005143845513511818,0.000377000826542293,0.00027085115740972443,0.0001946827069405445,0.00013997753177334336,0.0001006263457042537,7.231263555299422e-05,5.196606382097195e-05,3.490745772198198e-05,2.347563227394265e-05,1.5782552703492232e-05,1.0595417551461305e-05,7.1103034346910915e-06,4.7786895286578064e-06,2.694017523562746e-06,1.5487983944109308e-06,8.857628647658939e-07,4.915291342651725e-07,2.713547683516945e-07,1.7724664826512377e-07
20,150.0,150.0,150.0,150.0,150.0,150.0,150.0,150.0,150.00000000000003,149.99999999999997,149.9999999999998,149.99999999999892,149.99999999999517,149.99999999971774,149.99999999712017,149.99999998207414,149.99999965623286,149.9999973213685,149.9999859414707,149.99994275837727,149.99962267084888,149.99836641830913,149.9945563017087,149.9849483850135,149.93880207284522,149.8189515618359,149.56738184933945,149.11452555296057,147.98476429807687,146.14790608971379,143.5150029400441,140.07674175762958,134.41388463775414,127.69404503676014,120.21446233099827,112.26058162351357,104.08101411115118,92.12694279146667,80.64349562811624,69.96007889567917,60.24856688309984,51.56998138570539,42.75194051244521,35.2490496139172,28.93664411466462,23.671200276754387,19.307846951797067,15.318421185169608,12.124334591270603,9.577938801523324,7.554552913343332,5.9508873156638336,4.613668314123571,3.573514895033979,2.765762572079369,2.1392008352567284,1.6536388798312402,1.266105586599028,0.9690111970298044,0.741397006436419,0.5670808519642476,0.43363350159208947,0.3285576146323834,0.24895129159255427,0.18861845396190002,0.14287167771159742,0.1081964316262552,0.08193402700720193,0.05763418325400921,0.0405512038407525,0.030601324954927445,0.02308109760400534,0.017410599027583063,0.013138099374063015,0.00991407725142194,0.007478156205434296,0.005402650278863444,0.003901862531971186,0.002818837910166279,0.002037130092797435,0.0014720543324571087,0.0010786616653273057,0.0007903206502016971,0.000579115115813856,0.0004243969824391116,0.000311001595913495,0.00022339964202961864,0.0001605534366314103,0.00011542701492527273,8.297067756463427e-05,5.961891624977486e-05,4.2839468449010344e-05,2.8774062187619623e-05,1.9350153473357696e-05,1.300855082537855e-05,8.732342299909954e-06,5.859473053308033e-06,3.937924276968019e-06,2.2206036941741703e-06,1.2769914273765395e-06,7.301508537148321e-07,4.049410193032507e-07,2.235254181500389e-07,1.4601577319483603e-07
21,150.0,150.0,150.0,150.0,150.0,150.0,150.0,149.99999999999997,149.99999999999994,149.99999999999963,149.99999999999824,149.99999999999164,149.9999999999645,149.9999999984304,149.9999999854329,149.99999991582055,149.99999864364057,149.9999903802327,149.99995322144449,149.99982199135587,149.99895758166352,149.99585896654077,149.98716328999961,149.9667123193407,149.87805201497352,149.66680273491758,149.25459385705364,148.55837150973895,146.93768234947566,144.46514128609397,141.1036538147837,136.90448314524053,130.27769798321748,122.71842925124167,114.56865894744668,106.125910878253,97.63373501617606,85.51016571111232,74.13328124708298,63.75170530422942,54.46614332765048,46.28305612385472,38.077122294047804,31.180975324357853,25.440438181211057,20.69574435385772,16.795670353592634,13.257045777729441,10.444507264399137,8.216652840124922,6.4563369682337735,5.068241616965737,3.9162890957557432,3.0242488689604494,2.3342611821282935,1.8009392889027682,1.3889800456113979,1.0611922604834603,0.8106037241684996,0.6190964743491417,0.47276498413491613,0.360978126873851,0.2731327003333087,0.2066991549476932,0.1564281371867613,0.11836532870903375,0.08955363254845547,0.06775883851738657,0.04761753205018221,0.03347510287210246,0.02524577258782581,0.0190306128422023,0.014347538756613164,0.010821571734516037,0.008162623534013497,0.006154641678615899,0.004444519265307637,0.003208581733589909,0.002317199105625731,0.0016741361776013357,0.001209438984148842,0.0008860102118987834,0.0006490208450352755,0.00047548777561807456,0.0003484010729015204,0.00025527348571788196,0.00018333969142904604,0.00013174485968561574,9.470626402362846e-05,6.807072246808654e-05,4.890764575808524e-05,3.5139047772231595e-05,2.3599588492768682e-05,1.5869870882423488e-05,1.0668548651581817e-05,7.160883319615538e-06,4.804485543768377e-06,3.2288253813398304e-06,1.8213189686514082e-06,1.047716626804292e-06,5.988558567116463e-07,3.3189203082474766e-07,1.8321589718222298e-07,1.196989918310688e-07
22,150.0,150.0,150.0,150.0,150.0,150.0,149.99999999999994,149.99999999999972,149.99999999999937,149.99999999999724,149.99999999998613,149.99999999993645,149.99999999974014,149.99999999133007,149.99999992718048,149.99999961069446,149.99999471797864,149.9999660137905,149.99984732069998,149.99945836229094,149.99718070440696,149.98973947201486,149.97045878652588,149.92824576578096,149.76279631927994,149.40139659017873,148.74608500985775,147.70745070376364,145.44707944351663,142.20685935411242,138.02169252919686,133.01137535782888,125.42008052446026,117.07842208457218,108.35209036525737,99.53380572373261,90.84964499757538,78.72639094950655,67.60130731730483,57.634341576194,48.85568002257537,41.22165883805984,33.66204894213074,27.383749621355065,22.210028418866873,17.970867876983515,14.513205383273915,11.398914191265993,8.940823393215638,7.005556899035187,5.484603500537806,4.291093247609467,3.3051543199687847,2.544920924961383,1.959098423364074,1.507828223092115,1.1603492568586242,0.8846786859332367,0.6744955811485568,0.5142509991146773,0.39207828670623884,0.29893958627643785,0.22588872077611558,0.17073853097674976,0.12906942105116848,0.0975643689324862,0.07374804862753931,0.05575312840212453,0.039143291119954585,0.027494777534558777,0.02072307851727311,0.015612389941789276,0.011764180980570128,0.008868931281703043,0.006687055134907816,0.005040117331721533,0.0036380782840288724,0.00262532941454935,0.001895345569810929,0.0013689787269013,0.0009887315145628713,0.0007241463046458944,0.000530332882118776,0.00038846266200766636,0.0002845919951893551,0.00020848986965178214,0.00014971550584059117,0.00010756827443187272,7.731907277706924e-05,5.5569080624333086e-05,3.99215095945601e-05,2.8679601328781268e-05,1.9259454156907515e-05,1.295088127919752e-05,8.706050049172947e-06,5.8430793897904805e-06,3.919859189619518e-06,2.6342442884368444e-06,1.4864560423556269e-06,8.554032747418198e-07,4.887330917234907e-07,2.7063721882855864e-07,1.494311042759873e-07,9.764879997063839e-08
23,150.0,150.0,150.0,150.0,150.0,149.99999999999994,149.99999999999955,149.99999999999795,149.99999999999545,149.99999999997806,149.9999999998915,149.99999999952075,149.99999999812894,149.9999999525258,149.99999964099035,149.99999823069888,149.99997974546696,149.99988215796213,149.9995123836876,149.9983914869798,149.99255472090854,149.9752130849653,149.93381401293354,149.84958388891684,149.5505862555397,148.95208549352583,147.94358569203234,146.4427263108513,143.38186816854693,139.25153876615389,134.1729311814832,128.33436179097092,119.82312087577432,110.79472975949223,101.6145785380765,92.553771377749,83.8092916279976,71.85927803339739,61.12385635636664,51.67190368388739,43.46744120409463,36.42287559435188,29.530177499520473,23.869710533018587,19.249427761884117,15.494812477505642,12.454911286660206,9.735976914354785,7.604062450671541,5.935221365208686,4.6303276903657355,3.611143287069111,2.772890201176048,2.1291362527876005,1.6348411327369543,1.2553202817311755,0.9639792111273703,0.7334928737134143,0.5582052265864327,0.42487187302716045,0.323435621285673,0.24625980346187612,0.18583983580996047,0.14030070184453194,0.1059448103996214,0.08000529597501278,0.060421063071719246,0.045640344375528,0.032013208247914794,0.022468243265997345,0.01692457110978228,0.012743459496694297,0.009597314494606603,0.007232030187286828,0.005450703226222142,0.004106702470764982,0.0029630226515268802,0.0021373321865899102,0.0015425315164678606,0.0011138470695995102,0.0008042601689690143,0.0005888954968286298,0.0004311853423839785,0.00031578102796563936,0.00023130947898595725,0.00016943072257142515,0.00012164819165606808,8.739046235406498e-05,6.280933936075482e-05,4.513734274017446e-05,3.2424083639135975e-05,2.3290949369006615e-05,1.5639187584556643e-05,1.051612901589548e-05,7.0691851090093285e-06,4.744062833335858e-06,3.1821815695305007e-06,2.1384369491599827e-06,1.2071326037020832e-06,6.949497615747987e-07,3.968825307100188e-07,2.1956863127659626e-07,1.2126567999527906e-07,7.927168742663807e-08
24,150.0,150.0,150.0,150.0,150.0,149.9999999999996,149.99999999999676,149.9999999999855,149.9999999999646,149.9999999998245,149.99999999915616,149.99999999644174,149.99999998680212,149.99999974293888,149.99999825852694,149.99999211736537,149.99992372525824,149.9996000607346,149.99848031983606,149.99535076272247,149.9808562729817,149.94177837503597,149.85600060960707,149.69407106559606,149.17238633000383,148.21547886366946,146.7162404459881,144.61877015489054,140.5991189110428,135.4814677636068,129.47733204274437,122.8341409404031,113.49608561836332,103.91377625720519,94.42765218608032,85.27178099343743,76.60410102212765,64.99612676068537,54.7757090372779,45.92378551406849,38.34567585557991,31.91726443808958,25.698684193468242,20.645729811803,16.558221761369854,13.262391252094547,10.612673325872032,8.25840169590967,6.423859053778099,4.995552385981886,3.884148356918356,3.019969519880454,2.312147370211744,1.770616522801497,1.3562184975010974,1.039043460230107,0.796274552414677,0.6047236645330067,0.459395636889297,0.34909531317043396,0.2653572255920089,0.20176865890006823,0.1520724650824804,0.11467535942486248,0.08650340071608617,0.06526165796849698,0.04924348165332271,0.037167097266536636,0.026045902675094348,0.018265759533262493,0.013751113832052976,0.01034823566332143,0.007789385636472822,0.005867055799029801,0.00442023843611138,0.003329078458460911,0.0024009242026503948,0.0017311872704355712,0.0012490136750970193,0.0009016636843182253,0.0006508879879249759,0.0004764781027830779,0.0003487980380754328,0.0002553989368915546,0.00018705162004926457,0.00013699267745766354,9.834303175053034e-05,7.063893065075719e-05,5.076479103014376e-05,3.6478734557829966e-05,2.6201746010848855e-05,1.881932332727117e-05,1.2635358288835771e-05,8.496014781993264e-06,5.711118649721364e-06,3.832343571275919e-06,2.5703010276642163e-06,1.727185962439306e-06,9.753493576654227e-07,5.617620074393522e-07,3.206777682699945e-07,1.7722825292135783e-07,9.790750032102412e-08,6.403339709058551e-08
25,150.0,150.0,150.0,150.0,150.0,149.99999999999648,149.99999999997567,149.99999999989367,149.99999999971908,149.9999999985952,149.99999999351832,149.99999997408466,149.99999990909978,149.99999862768357,149.99999171195938,149.99996567218318,149.99971879537785,149.99867555254514,149.99539278162854,149.98696185554246,149.9522248189926,149.86742451755458,149.6965876078825,149.3977299538884,148.52173219856493,147.04854911604897,144.89991320550646,142.06892633833152,136.95453778116425,130.7943466610099,123.88100287061965,116.50246898411217,106.47906342998614,96.50843520206983,86.88321832892784,77.7876561777108,69.33317253550794,58.22478003305692,48.62776279534003,40.44326616876752,33.5276689071101,27.728421516824067,22.178489654925798,17.713537285921888,14.132029501425997,11.265476841216474,8.976273659285994,6.95500565090832,5.389079595407918,4.176099922061332,3.236610789438915,2.5092186707231967,1.9157514221000354,1.463314251077825,1.118206067336741,0.8548632004808256,0.6538587761658331,0.49565538651297075,0.37589908536985905,0.28520016733725645,0.21648171836657115,0.16439355682543935,0.12375203280996903,0.09321533093650254,0.07024432499218851,0.05294659518409889,0.03991732628583868,0.03010440507609822,0.021077680809817853,0.01477040660130907,0.011113511417502614,0.008358793807125023,0.006288704965553312,0.00473468833742623,0.0035657811665048117,0.0026845647484955272,0.0019352837383289287,0.0013949007864586626,0.0010060785136934139,0.0007261027159710745,0.0005240254425102489,0.00038351830490314945,0.00028068866588268224,0.00020549202276842033,0.00015047822225571598,0.00011019140094126375,7.909119630837988e-05,5.6803144053126075e-05,4.081783540752773e-05,2.9328698805316524e-05,2.106409686674001e-05,1.512767819116146e-05,1.0155786008289878e-05,6.828522852941287e-06,4.590132002943433e-06,3.0798708579435485e-06,2.0653704789801853e-06,1.387825307370817e-06,7.839933458569384e-07,4.517578489366757e-07,2.577755215933239e-07,1.4231208435813524e-07,7.863604995328174e-08,5.145986631409927e-08
26,150.0,150.0,150.0,150.0,150.0,149.9999999999695,149.9999999998135,149.99999999920684,149.99999999773894,149.99999998882146,149.99999995104758,149.99999981556334,149.99999939089773,149.99999280308248,149.99996143022972,149.99985437002815,149.99898873251365,149.99573563477625,149.98646138921382,149.9646502553315,149.88468476147958,149.70828366828673,149.38262777346287,148.85510927810338,147.44406157152312,145.26571307619417,142.30239901491126,138.61618456047037,132.31659324150934,125.11613775540594,117.3657221481749,109.36801852825741,98.84473861880925,88.6769518131084,79.09072585725808,70.21136779375817,62.099445290414224,51.63041478032624,42.744794249897176,35.27613443032446,29.043021820820577,23.872766557000837,18.97445564939078,15.070142978914548,11.962998519222456,9.49348614187399,7.533839081378104,5.813649178402261,4.488148884794286,3.4663119072592026,2.678360078611676,2.070755517541859,1.5768150937211771,1.201493109852538,0.9160814724136933,0.6989219136528224,0.533602686956524,0.4037872729556775,0.3057297343403571,0.23161617551339853,0.17557169648671103,0.13316307436303887,0.10012509484931705,0.07533779546644394,0.05671750681409198,0.042713266295019946,0.03217599030918694,0.02424770262751129,0.016962497678808225,0.011878038427698712,0.008932432274557015,0.006714785394059887,0.005049380354197251,0.0038000467055484084,0.0028608499807345126,0.0021530742233494995,0.0015514969543745987,0.0011178623524424603,0.0008060225488304211,0.0005815746304845092,0.00041961877692386494,0.0003070353594657957,0.0002246662050789544,0.0001644505125289917,0.00012040702773271094,8.815875504656695e-05,6.326767884772741e-05,4.543303112756959e-05,3.264446184850543e-05,2.3454080901794378e-05,1.6843367810976495e-05,1.2095272904044756e-05,8.119259765913762e-06,5.459022972106767e-06,3.6694847836661822e-06,2.461944200184307e-06,1.6507904126694045e-06,1.1091992596560783e-06,6.26806242821675e-07,3.613492876309024e-07,2.0611121629893863e-07,1.136678649815868e-07,6.281789057165482e-08,4.1135293898329396e-08
27,150.0,150.0,150.0,150.0,150.0,149.99999999973556,149.99999999854475,149.99999999396636,149.99999998167206,149.99999991214455,149.99999963817774,149.9999987226625,149.99999604532073,149.99996308179385,149.99982519494196,149.99940056244515,149.99646766633953,149.98670672238896,149.9615967049343,149.90770803314413,149.73182914177158,149.38185695590929,148.79041148841333,147.9033391746361,145.729974645915,142.64334864877043,138.7162917555184,134.0898736049928,126.58310189877226,118.41379369013248,109.95685906483244,101.49996238327522,90.69784971232251,80.53994378676713,71.17293444054941,62.658485969598814,55.005501656362824,45.29243789999509,37.183498157475476,30.459607686088038,24.913210685646018,20.359568454841057,16.085749382824417,12.708345222612731,10.040326004751954,7.933859507859735,6.27226657173216,4.821594086030574,3.7093313006402857,2.8557421946822545,2.2002941933025313,1.6967772644837307,1.2888193340302927,0.979781344815319,0.7454586954535353,0.5676616248064659,0.43263897049070443,0.32684154895515827,0.24708742586627938,0.1869255076622898,0.1415140412813504,0.10720640719240769,0.08051825425590858,0.06052308820302332,0.04552254988633883,0.03425381399147989,0.02578328300112756,0.019416023127319094,0.013571340523028004,0.009496811180016239,0.007138009150567767,0.005363114019340854,0.004031067444981805,0.0030324930475653725,0.0022822041660560434,0.0017169896801537503,0.001236763307036807,0.0008907777674437182,0.0006421020764144085,0.0004631888396608537,0.0003341225130516985,0.0002444231554283059,0.0001788157123938608,0.00013086792796548194,9.58053339613582e-05,7.013658416014755e-05,5.03267909948402e-05,3.613572572449188e-05,2.5961881069570842e-05,1.8651414077710307e-05,1.3393180117655718e-05,9.616777751752079e-06,6.45493938843099e-06,4.339862623908883e-06,2.917135830571893e-06,1.9570271122985047e-06,1.3120863238320546e-06,8.8157885514598e-07,4.983315444726776e-07,2.8741133902674214e-07,1.638851039737886e-07,9.028832972867843e-08,4.9900621468913164e-08,3.269843459002054e-08
28,150.0,150.0,150.0,150.0,150.0,149.99999999770756,149.99999998843026,149.99999995320826,149.99999985159363,149.9999993221433,149.99999739541875,149.99999143090903,149.9999752374714,149.99981571005114,149.99923213968117,149.99761731898778,149.98807537913152,149.96007384745192,149.89533901668398,149.7689922697727,149.40161918887912,148.74308674101727,147.72457642359427,146.3088817617733,143.11761792979198,138.93473336023294,133.939901938992,128.34708067232728,119.69846414039296,110.7062592153947,101.72850692706066,93.00855480803084,82.17209138049795,72.2355563101191,63.26053209670025,55.24509523688688,48.14931182426536,39.28168784097247,31.990905314383717,26.021602818649423,21.151450337905885,17.191209592782762,13.506355940915206,10.6173061149158,8.350794534612495,6.572528717090949,5.177624253937569,3.9658252954450197,3.040968951819749,2.3342184112344238,1.7936838071849344,1.3798990574338414,1.0456686962981554,0.793204056739519,0.6023061949724908,0.45783392428375147,0.3483663091022649,0.26276323334185864,0.19835525660846381,0.14985959221089482,0.11331651417705532,0.08574991623800021,0.06433492153411212,0.04831189840888976,0.03630638056492327,0.027297365642026825,0.0205317577777403,0.015450649370219598,0.010791236196098782,0.007546437386588307,0.005669237967175434,0.004257462758079278,0.003198605035599897,0.002405349087298262,0.0018096215495385015,0.0013609919801862442,0.000979959587915735,0.0007055759503228954,0.0005084643539151691,0.00036670299203686157,0.0002644623466791428,0.0001934227317765675,0.00014147793791210352,0.00010352598529361084,7.577883706595598e-05,5.5468478287936666e-05,3.979619706405652e-05,2.8571252000038642e-05,2.0525409387559677e-05,1.4744667288768054e-05,1.0586915597066863e-05,7.601099721716788e-06,5.1015667543379355e-06,3.4298344038098166e-06,2.3053811283787022e-06,1.5465033037036317e-06,1.0367467356106362e-06,6.965529902482767e-07,3.938502081704279e-07,2.2724366341066615e-07,1.2954247209516926e-07,7.130147638554103e-08,3.940615686260797e-08,2.5837928635603366e-08
29,150.0,150.0,150.0,149.99999999999997,149.99999999999977,149.99999998012697,149.99999990635243,149.9999996313963,149.99999880950037,149.99999489621288,149.99998183604438,149.9999446090888,149.99985128767193,149.9991102624448,149.99674967163924,149.99090557304098,149.96132032969211,149.88510623637868,149.7273999489065,149.44834003445823,148.72446676805123,147.55616513959924,145.90108120634054,143.76442711012402,139.3092992735437,133.89651619436842,127.80480515452442,121.29656852810784,111.66931866009821,102.0720168981292,92.80474712798103,84.04223877043516,73.42449619278946,63.91302846480546,55.48596540107414,48.08256238623768,41.62022982177827,33.65810397491999,27.203254555838413,21.980397210186855,17.762868713013262,14.36366837002502,11.225710583073315,8.783171506066765,6.879308213632174,5.394366722765667,4.235523580940842,3.233333816827134,2.47167881124337,1.8919751035863706,1.4502640773665874,1.1132148088264457,0.8417254595757976,0.6371990972045813,0.4829529006348452,0.36650030641933684,0.2784457012197875,0.20971404965845927,0.15809288095018054,0.11929271757519251,0.09010183145358514,0.06811176646967827,0.05105070037128622,0.03830144831675291,0.028760102493768203,0.0216074412290943,0.016240613300896184,0.012213450066686102,0.008524031071685896,0.005957278177810634,0.004473261952432405,0.0033577377385890887,0.0025215852939048013,0.001895563311804256,0.0014256410032147896,0.001071861911594871,0.000771494232489112,0.0005553019454324475,0.00040006890780139927,0.00028846522059168095,0.00020799296668064742,0.00015209108785775648,0.00011122623534452137,8.137751688844102e-05,5.955903396698023e-05,4.3590488388216046e-05,3.127019685834823e-05,2.2447666326063272e-05,1.6124964143794282e-05,1.1582717814922225e-05,8.315890310928265e-06,5.970064138086054e-06,4.00657921059393e-06,2.6935795228151794e-06,1.8104501099421414e-06,1.2144039244740877e-06,8.140409225300757e-07,5.469064923329731e-07,3.093111253546558e-07,1.7852917816263677e-07,1.0175071459450522e-07,5.595901583582722e-08,3.0923776693649807e-08,2.028723363178007e-08
30,150.0,150.0,150.0,149.9999999999995,149.99999999999417,149.99999982772366,149.99999923073628,149.99999706991068,149.99999061472613,149.99996273241558,149.9998780166661,149.99965716155282,149.9991490819193,149.99587592392973,149.98683313534215,149.96688866384343,149.88026416090642,149.6852494155762,149.32540580417609,148.74957863942666,147.41394035026627,145.47159149045257,142.94517204657902,139.90468128652515,134.0049255553627,127.32500015917917,120.20691828530559,112.92204378593897,102.57608784720124,92.65152627579958,83.3563074339014,74.7811958918661,64.62760266130917,55.72510292246493,47.97696415844439,41.272572253849674,35.49551495954094,28.46898040778149,22.845372709757054,18.344692053232244,14.744969855199999,11.867187272598557,9.229418192160379,7.189709684344347,5.609415041630464,4.383612497256278,3.431457358506452,2.611358271255662,1.9905114026019055,1.5197569752855573,1.1623020549922998,0.890336546687592,0.6718263767706016,0.5076204627512683,0.38408506384289004,0.29102522750905946,0.22079111439748822,0.16606231129822127,0.12502697916196565,0.09423350159618896,0.07110012129403949,0.05369540323507934,0.04020796674862655,0.030141079578128484,0.022615404798499408,0.016979043228124203,0.012753375081785898,0.009585055792672012,0.006685053845186864,0.00466935671511166,0.0035046031968964247,0.002629474176033295,0.0019738950754733635,0.0014833570501440946,0.0011152903679585787,0.0008382714831467505,0.0006031539479831765,0.00043400444240640447,0.00031260508886157715,0.00022535380443425103,0.00016245402595877956,0.00011876865206702604,8.684251444824498e-05,6.352870740987606e-05,4.6490128589858356e-05,3.4021483983706754e-05,2.4402756613861168e-05,1.751601927230703e-05,1.258143006570627e-05,9.036733423049324e-06,6.48746507648355e-06,4.657050309784272e-06,3.1251909000101955e-06,2.1009705915854184e-06,1.4120892866594434e-06,9.471260193318382e-07,6.348299824725667e-07,4.264939017664166e-07,2.412605763036796e-07,1.3929238384443974e-07,7.937532508790697e-08,4.362393001261161e-08,2.4103196743563555e-08,1.5819538222263398e-08
31,150.0,150.0,150.0,149.99999999998522,149.99999999984735,149.99999850660242,149.99999362032236,149.99997670344925,149.99992786537265,149.99973791010203,149.99921677331272,149.9979837042429,149.9953985745798,149.9818092599726,149.94937869669948,149.88591183749216,149.64904530101833,149.1850388874102,148.42391533079442,147.3240093203579,145.034106854962,142.02559556898265,138.41718320431903,134.34735183491009,126.95037544529772,119.09777080128055,111.13670336503989,103.30084337880272,92.57780588753226,82.64339339907785,73.59247249169681,65.42767395888745,55.95994544032923,47.81989660330619,40.85032074353021,34.902803799321624,29.837594100270195,23.747890230245833,18.930587065391723,15.114055209918455,12.088346440237833,9.687087581509948,7.500022937059783,5.818942592961059,4.523803961000995,3.5242643956354174,2.7510974910058508,2.0875834151744117,1.587074615603827,1.2088961370193139,0.9226423335973059,0.7054151992781609,0.5312856052727394,0.40073225207798396,0.3027361716397835,0.22906373840809127,0.17355619932592806,0.1303702027414325,0.09803994080715435,0.07381504758599428,0.055640449020554913,0.04198241658239491,0.031410049076359706,0.023527557463582656,0.017640775173081682,0.013235625922677305,0.00993550353004272,0.007462984312135377,0.00520174246135224,0.0036313525730979172,0.002724385071330325,0.0020432373379692444,0.0015332539750830506,0.0011518689983167107,0.0008658141494704923,0.0006505755831760865,0.000467950763881442,0.0003366236884032254,0.0002424100971461592,0.00017471731157342032,0.0001259264958805917,9.204704346812838e-05,6.729343718901716e-05,4.92215314536839e-05,3.601609278317733e-05,2.6353628013552444e-05,1.890063052085748e-05,1.3565386394438282e-05,9.743075231392984e-06,6.997591089338167e-06,5.023184222006856e-06,3.6056480078453753e-06,2.4194873575624126e-06,1.6265033902136232e-06,1.0931528505904949e-06,7.33155883102374e-07,4.913806923939626e-07,3.301150071559997e-07,1.8677331872100163e-07,1.0785909922735544e-07,6.145625857363575e-08,3.375784841467811e-08,1.8647800161840234e-08,1.2242895477836394e-08
32,150.0,150.0,150.0,149.9999999995709,149.99999999603506,149.99998705536967,149.99994694787253,149.99981664463303,149.99946399809727,149.9982393441919,149.9952347070995,149.98884015824157,149.9767200458834,149.92445971055056,149.81713139312814,149.63142380538036,149.03469911915104,148.02130441627176,146.54629139201455,144.6203704440979,141.00069924391346,136.6816582785364,131.87412447592956,126.75918227980516,117.99446950927792,109.21414792926112,100.70287613848483,92.61360028834349,81.90818886847775,72.29404173088459,63.74874288627155,56.19379450462962,47.59565058625273,40.33299764418295,34.206452575286775,29.04353073979377,24.692229599754445,19.514339072689946,15.461145920017717,12.279690974606451,9.77759662487966,7.804685097804398,6.0177875092054,4.65174819294268,3.60476824766615,2.8004344663627583,2.1805470423263027,1.6502965557732001,1.2516266619551515,0.9513662207032079,0.7247331152748954,0.5531457608777538,0.4158869621845443,0.3131955222345589,0.23627161996343363,0.17854523436653733,0.13511845104950176,0.10137951347081288,0.07615753221249678,0.05728440704088438,0.043141925268762,0.032525190426079854,0.024315299265397973,0.018200317723456216,0.013637698667870388,0.010226081610672653,0.007672028970476652,0.005759792047106987,0.004012293178330588,0.002799618403227969,0.0020995751225141505,0.001574040663654032,0.001180766508040593,0.0008868113501716451,0.0006664106726100951,0.000500611315402402,0.0003599749099158571,0.0002588837355023638,0.00018639029347554623,0.0001343172480992278,9.679088146288806e-05,7.073821396881856e-05,5.1707652528775715e-05,3.7816975872442376e-05,2.766831095873809e-05,2.0243282950404103e-05,1.4516797848311226e-05,1.0418130599552205e-05,7.482134270883169e-06,5.37341609807001e-06,3.857002444558311e-06,2.768378363969266e-06,1.857563260194794e-06,1.2487172835726916e-06,8.392130471027197e-07,5.62806173914462e-07,3.771883599741573e-07,2.53396155011378e-07,1.4338700117719092e-07,8.281859976882851e-08,4.71855889105097e-08,2.5908767103957385e-08,1.4308132355382398e-08,9.395709853160476e-09
33,150.0,150.0,150.0,149.99999998753728,149.99999989845094,149.99988782495288,149.99956124199912,149.99858802776217,149.99618674739705,149.98881893472733,149.9728412387085,149.942579620121,149.89119224070956,149.70848531070175,149.38663848598813,148.89557057095047,147.53325652329053,145.5320578749687,142.94628812621255,139.8850379200058,134.64782945442866,128.9244970431934,122.96362058672543,116.93897856631706,107.14516283029566,97.82600448818488,89.14296383822222,81.14104347986662,70.8623947711317,61.88164782446395,54.071219474446565,47.28790300974666,39.69418183599812,33.38053599150359,28.125136755857493,23.74536013878327,20.08770386391271,15.774142608008887,12.429075135960744,9.825476039907691,7.792394076571149,6.198252254768104,4.761444420147197,3.6684204973210606,2.834627636556111,2.196655498895426,1.7065438889403954,1.2885050973608296,0.9751417575095974,0.7398154394351434,0.5626349885511989,0.4287598065272987,0.32186812646940893,0.24204981879684223,0.18236953413360174,0.1376546237456565,0.10406189933613966,0.07799659489890173,0.05853611817580886,0.04399181984168279,0.03310477404104779,0.024939615191175078,0.0186312590714507,0.013936816747309894,0.010436967574307104,0.007821835765713303,0.005865281108738902,0.004401303840216531,0.0030643710637657234,0.0021372459779231113,0.001602267854229621,0.0012007955742047796,0.0009004996017630237,0.0006761459727383476,0.0005079849260587491,0.0003815096253336312,0.00027425690422119874,0.00019719152052275726,0.0001419475775623208,0.00010227447233111162,7.36882140222339e-05,5.384565173949551e-05,3.9354564792166624e-05,2.8779405963440714e-05,2.105407304558137e-05,1.540254286219165e-05,1.1044354384258185e-05,7.925495542578339e-06,5.691631058279668e-06,4.087293350770482e-06,2.933636453738578e-06,2.1055056696209155e-06,1.4127216014366592e-06,9.496564697148919e-07,6.381981572115402e-07,4.279720937212453e-07,2.868124515391581e-07,1.9267985106536417e-07,1.0904099042765396e-07,6.298869899071929e-08,3.588697644286618e-08,1.969947367398616e-08,1.0875750016883129e-08,7.142638159220965e-09
34,150.0,149.9999999999996,149.9999999999969,149.99999963804987,149.99999744583587,149.99902863722886,149.9964265146397,149.989504303442,149.97434454862096,149.93379947706345,149.85719997368676,149.72969376691427,149.5376207058572,148.9708911269276,148.1164692906313,146.967895635908,144.20512176474602,140.69195173054396,136.6448179920258,132.26675420934993,125.3738257227617,118.39625760801717,111.53472312511205,104.90266572451952,94.61246565717003,85.248801255041,76.81500549899513,69.24646739625118,59.77564681788322,51.69573663054216,44.79913516182097,38.90090463652516,32.39135071827615,27.053771230991668,22.66268101783072,19.03826594481796,16.035030092896054,12.520427363561412,9.8173873706748,7.729204822454988,6.108644729902739,4.8439697455434425,3.7088938914348297,2.849178720256325,2.1961001788263355,1.698134491046084,1.3166167249463019,0.9920195188134089,0.7493513974674764,0.5675805050624505,0.4310149923451238,0.3280081653874461,0.2458988853528798,0.18469077845961793,0.13899893267671712,0.10481199710674143,0.07915914452274449,0.05927709919437905,0.04444986710471743,0.03338008402193153,0.02510162707692124,0.01889805426234496,0.014109063263562574,0.010548095782154564,0.007895184986025653,0.005914109911054025,0.004432756368595966,0.0033249545617442837,0.002313906521098586,0.0016131980746302758,0.0012090192491127942,0.0009058017804638561,0.0006790920200376257,0.0005097856050185998,0.00038292076448853533,0.00028752187666421046,0.00020664077323825244,0.0001485442060079234,0.00010691185002054997,7.702007956806835e-05,5.548433066055847e-05,4.053802682559252e-05,2.9624911800683167e-05,2.1662273056453703e-05,1.5846060654262778e-05,1.159149865419634e-05,8.31093435470816e-06,5.963583881229508e-06,4.282480010917027e-06,3.0751792735333503e-06,2.2070613636433937e-06,1.5839542272479988e-06,1.0627440276622465e-06,7.143787409625307e-07,4.800623752070832e-07,3.219094092295196e-07,2.1572698514541e-07,1.449240586043279e-07,8.202030677179466e-08,4.738402363255997e-08,2.6997156285821643e-08,1.4816908047207553e-08,8.177508977991986e-09,5.370916351944529e-09
35,150.0,149.99999999988884,149.99999999926817,149.99998948821832,149.99993729468613,149.9916069611023,149.97169827873137,149.9259683855974,149.83951738809458,149.64153165373054,149.32146423838432,148.85978314236678,148.248752351543,146.73806993519287,144.78817642913307,142.4736197514063,137.61289838362455,132.22832375401347,126.64164844430263,121.04919583599491,112.8414947541144,105.04527836054636,97.74166871536664,90.9479681135896,80.82154701710728,71.94462434912656,64.16929683111705,57.3454832721076,48.995776739102226,42.01440167498295,36.14757292522788,31.194193950775258,25.79240025433615,21.41555500993143,17.850746377738535,14.93194561965257,12.529068074673047,9.735107598679035,7.601572870917005,5.963974950127911,4.699652892209156,3.7168223879954203,2.837834805881241,2.1746169037652403,1.6726151056441205,1.290950203456628,0.9991967081730528,0.7515059946098132,0.5667637005469716,0.42868356090318144,0.3251287050781087,0.24713624715202542,0.18505507977250882,0.13884497185665395,0.10439628234144835,0.07865166324062546,0.05935333705277919,0.04441090966829719,0.03327826322235745,0.024974309134201917,0.018769224811058787,0.014122690092081383,0.010538173944422191,0.007874630876154243,0.005891512514009828,0.00441138703064189,0.0033051488535454075,0.0024782621175159555,0.0017239914321344528,0.0012015149461305481,0.0009002393405599616,0.000674282697662265,0.0005053990715197451,0.0003793225476724151,0.0002848742608357716,0.00021386265222246185,0.00015366929601519353,0.00011044543640251869,7.948002173879133e-05,5.7251071491123674e-05,4.1237660957831515e-05,3.0125443393257254e-05,2.2013271815471848e-05,1.6095246672115325e-05,1.1772886257401699e-05,8.611280898466636e-06,6.173694383103647e-06,4.429742078345988e-06,3.180881522003808e-06,2.284025826544556e-06,1.6391599122298733e-06,1.1763357425377104e-06,7.892360041208176e-07,5.305144493707917e-07,3.564893390885842e-07,2.390353224560593e-07,1.601864058739426e-07,1.0761178674233727e-07,6.090506399773819e-08,3.518754948061489e-08,2.0049458080262453e-08,1.1002581341062174e-08,6.070361754189896e-09,3.987095402611225e-09
36,150.0,149.99999996936145,149.99999983348005,149.99969475683042,149.9985121083428,149.92793849872615,149.78599100360282,149.51634498240546,149.08999719868586,148.2733589459552,147.16765477093335,145.8043714180196,144.22859676566347,140.91001113999357,137.22256119357775,133.3288443474787,126.10900204539513,119.03291808590836,112.3022811439998,105.96395501530442,97.1778868391121,89.24745193196703,82.10621938331462,75.6687295440154,66.38172120116637,58.47743594334361,51.7045790224084,45.86645022527005,38.85231914952793,33.082115908200564,28.292752740975434,24.290466469844443,19.967584983501986,16.49896472035564,13.696908782905796,11.417333592028697,9.550358181488775,7.390722568401054,5.7512851831771235,4.4996190507313685,3.537230949597851,2.7914104369368227,2.1263188453681465,1.626085357525926,1.2485614872917057,0.9621961232554886,0.7436892788657499,0.5585125014298796,0.4206632461516563,0.31781463841807045,0.240793087359279,0.18285411796049683,0.1367895731633013,0.1025430155572612,0.07704134342630592,0.058001214752797355,0.04374053299205898,0.032707567252302956,0.02449416392394685,0.018372226614232167,0.013800639448485322,0.010379328951568956,0.00774150407230142,0.005782510079644378,0.004324689285602892,0.003237097280727304,0.002424557677985219,0.001817441065866915,0.0012638806383048747,0.0008805986807997768,0.0006596451467834241,0.0004939675726363615,0.0003701736451808572,0.00027778552420497273,0.0002085886712372108,0.00015656908548206501,0.00011248145227226288,8.083061910432663e-05,5.816164243303417e-05,4.1890851535943375e-05,3.017054145753146e-05,2.203831152115075e-05,1.6102508072401492e-05,1.177277523329293e-05,8.610686452701596e-06,6.297880852647121e-06,4.514859927011819e-06,3.239351336980499e-06,2.3260108202902817e-06,1.67011631543323e-06,1.1985243042990277e-06,8.600868233646496e-07,5.770463532891313e-07,3.8787556895778867e-07,2.6062928716844127e-07,1.747520105513017e-07,1.1710680246200611e-07,7.867098097827157e-08,4.45255504567534e-08,2.572534267642294e-08,1.4659257148686759e-08,8.04409177611993e-09,4.43671104511104e-09,2.9141563932805673e-09
37,150.0,149.99999155438204,149.99996380347633,149.99114531171904,149.96646365197952,149.39247271585842,148.50175143332493,147.18390323614918,145.50721064466308,142.89892999123208,140.00278597513184,136.96673976280326,133.88252454568922,128.19618818893483,122.67420938063302,117.4079229041901,108.62444430169808,100.79194475068304,93.78775679786087,87.47623402820805,79.10945801328917,71.84664943548778,65.49371143154922,59.89524155532093,52.01343024109633,45.44936527272396,39.9145358989453,35.206323191462026,29.626593066781226,25.09158726042185,21.361615248503913,18.26815688824211,14.950584681050884,12.30820225742212,10.186747773632183,8.46900971626516,7.0674999517582,5.452530759758941,4.232099990830974,3.3040889561020887,2.5927087490122034,2.042657318654703,1.553218768119884,1.1859982582341957,0.9094716417629364,0.7000727422486513,0.5405112752992488,0.4054718742319639,0.30509394978945303,0.23030245295306612,0.17435261419114814,0.13230301633378758,0.09890135161941487,0.07409187582931731,0.05563304017384061,0.0418611091459927,0.031552738406273914,0.023582418111782875,0.017652567930414764,0.013235166677369304,0.009938088270688426,0.007471708778089215,0.005570960422538728,0.0041599569566722824,0.0031103327306670927,0.002327529630551908,0.0017428739656223302,0.0013061586110943424,0.0009080990705719762,0.0006325750167570923,0.00047377348047301145,0.00035471983562151716,0.0002657830218994233,0.00019942416608375145,0.00014973056421584515,0.00011237636258774722,8.072176833737353e-05,5.800097336269405e-05,4.1730954124977257e-05,3.005440195744918e-05,2.164394463393693e-05,1.580875003273147e-05,1.1550085141301476e-05,8.444026003989856e-06,6.175731312539773e-06,4.516721030041502e-06,3.2378136221392554e-06,2.323009498346474e-06,1.6679888606547319e-06,1.197604816244067e-06,8.5940487381111e-07,6.167122335496708e-07,4.137580574652205e-07,2.78112875011171e-07,1.8686858030541156e-07,1.2529188020700463e-07,8.396178274620036e-08,5.640432964725138e-08,3.1922851234886805e-08,1.8444365990704568e-08,1.0511211354693642e-08,5.767715596652433e-09,3.180333908507558e-09,2.088972221480021e-09
38,150.0,149.99767193654102,149.99269759446295,149.7450155940099,149.30656808446435,145.14204831855557,140.86594185224087,136.35772642308075,131.9476473555458,126.5006654213706,121.52543773947168,116.97249518091267,112.77515739462669,105.73827859259684,99.57513402569458,94.11495133116206,85.65440751400543,78.50416168046546,72.32133720876345,66.90875433298548,59.947535007504776,54.05312264816396,48.980516868473266,44.56845257897081,38.45189857930442,33.42725408536838,29.231081743200168,25.689737761041286,21.528489642761834,18.17180006456821,15.426356896521511,13.159932742452645,10.739950315917794,8.821419408930108,7.287049445085444,6.048266078383081,5.039888140412458,3.8807092029388066,3.007231345803398,2.3447236950154866,1.8378097878205275,1.4464018170880995,1.0986064134583469,0.8380647542756996,0.6421416160740304,0.49393523738108425,0.38109846347997034,0.28568488239544065,0.21482783935947294,0.16207647876950843,0.12264087316202488,0.09301967160958544,0.0695037304738376,0.05204716363110575,0.039065923038248955,0.02938511362664635,0.022141868212777947,0.016543641267421822,0.012380199580489894,0.009279762840135547,0.0069663706685553365,0.005236328795041299,0.003903415428056623,0.002914203272481083,0.0021785199724944975,0.0016299665039693537,0.0012203441495647635,0.0009144295705204938,0.0006356512119447277,0.00044272968729054674,0.0003315512642202878,0.0002482097745803485,0.00018595985160180516,0.00013951977310209163,0.00010474606762400636,7.860859034754968e-05,5.646093656594622e-05,4.0565856650468886e-05,2.9185004518261114e-05,2.1017877092444e-05,1.5135423280185989e-05,1.1054368036886102e-05,8.076143762187505e-06,5.9041206759573154e-06,4.317987186505549e-06,3.157928356414266e-06,2.2636915586821687e-06,1.6240793374081553e-06,1.1661172208576947e-06,8.372461015425071e-07,6.00796174591267e-07,4.311270841044912e-07,2.8924563053717326e-07,1.9441809664161046e-07,1.3062951713046305e-07,8.758310231139522e-08,5.8692011190780606e-08,3.9428344049671426e-08,2.2314712115646013e-08,1.2893149318802856e-08,7.3481311883838955e-09,4.032009782241685e-09,2.222859825987818e-09,1.4600859024727373e-09
39,150.0,149.35826134971424,148.72451976841307,143.00748643503667,137.9131026262216,117.05390045240789,108.2439883597501,101.88755533337887,96.93528937774784,91.71517201940155,87.3173540879116,83.47833866052524,80.0819165887778,74.5873142857729,69.92873748702438,65.87276594985227,59.69483143716921,54.52419813056198,50.09173046895176,46.24500032610008,41.33458876627685,37.20054491500092,33.656650545874925,30.584667436060048,26.342605073612976,22.86996210682626,19.976858952611483,17.540105325788133,14.683068076619652,12.382899450746313,10.504270507692771,8.95525354965463,7.303149233177575,5.99496178956846,4.949767245698294,4.106550312333425,3.4205778261855895,2.63250901477852,2.0391199690120523,1.5893483824038264,1.2453727843395994,0.979871744664464,0.7440393561340961,0.567443784463045,0.4346946272498731,0.33430365411816176,0.25788806302283174,0.19328638411124044,0.14532291170113026,0.10962305817829304,0.08293940959217003,0.06289956787878129,0.04699252836720519,0.035186072056107666,0.026407639842603595,0.019861859371711317,0.014964776272813682,0.011180258085983174,0.008365966489785642,0.006270409414734948,0.004706936950336985,0.0035378003714204233,0.002637102314384346,0.001968702445444409,0.0014716405608165145,0.0011010326012883022,0.0008243017065789329,0.0006176434725706567,0.0004293272250695914,0.00029901480125440105,0.00022391978592549094,0.00016762872103748497,0.00012558502200331654,9.422051771895716e-05,7.073581836372963e-05,5.3083945097591746e-05,3.81268885137961e-05,2.73927420586629e-05,1.97073547802595e-05,1.4192274020220969e-05,1.0220020534439033e-05,7.464236307906266e-06,5.453193238764914e-06,3.986562844094892e-06,2.9155561019817167e-06,2.1322525665061987e-06,1.5284457799152748e-06,1.0965732202474002e-06,7.87355245794526e-07,5.653002033953897e-07,4.0564903720829343e-07,2.9108972876939694e-07,1.9529350490769835e-07,1.3126725509775872e-07,8.819788941050442e-08,5.9133721056097244e-08,3.962725017189255e-08,2.662092438605381e-08,1.506620446768417e-08,8.705084615704363e-09,4.961339693650556e-09,2.722338953352407e-09,1.5007609779449338e-09,9.857793115670462e-10
